Product Detail,ASIN,URL,Image URL,Brand,Price $,Sales,Revenue,BSR,Seller Country/Region,Fees $,Active Sellers #,Ratings,Review Count,Images,Review velocity,Buy Box,Category,Size Tier,Fulfillment,Dimensions,Weight,Creation Date
"Homelavie Dog Memorial Window Hanging, Dog Suncatcher Hanging Decor, Black Dog On Flower Moon Pet Loss Sympathy Gift, Indoor Window Sun Catcher Panels for Loss of Dog Lovers Memorial Gift",B0CH5YD2YW,https://www.amazon.com/dp/B0CH5YD2YW?psc=1,https://m.media-amazon.com/images/I/71pinPv7KEL._AC_SY450_.jpg,Homelavie,12.99,77,"1,000.23","74,946",CN,5.22,1,2.8,16,7,1,RoyalStone,Pet Supplies,Small Standard-Size,FBA,0.59 x 6.90 x 6.70 in,0.22,11/1/2023
"BSQUIELE Cat Memorial Suncatcher, Cat Memorial Gift, Pet Loss Suncatcher Ornament, Loss of Cat Sympathy Gift, Stained Glass Light Catcher, Cat Lover Gift, Cat Memorial Ornament, Cat Passing Away Gift",B0CG6BRTPM,https://www.amazon.com/dp/B0CG6BRTPM?psc=1,https://m.media-amazon.com/images/I/71E2wQMcDyL._AC_SX425_.jpg,BSQUIELE,9.99,103,"1,028.97","39,573",VN,3.95,1,4.3,10,7,1,BSQE,Pet Supplies,Small Standard-Size,FBA,3.82 x 0.67 x 3.70 in,0.04,8/21/2023
"Dog Memorial Gifts for Loss of Dog Sympathy Gift, Stained Glass Dog on Moon Window Hanging Suncatcher Decor Pet Sympathy Gifts for Dogs Pet Memorial Gifts for Dog Lovers Pet Loss Gifts",B0CBRWBTPM,https://www.amazon.com/dp/B0CBRWBTPM?psc=1,https://m.media-amazon.com/images/I/61LmGDTO+vL._AC_SX466_.jpg,YT3 Studio,19.98,53,"1,058.94","60,378",CN,7.38,1,4.9,41,7,1,Lerca us,Pet Supplies,Large Standard-Size,FBA,7.30 x 7.30 x 0.80 in,0.26,8/28/2023
"Dog Memorial Gifts for Dog Lovers, Pet Memorial Gifts Loss of Dog Sympathy Gift Stained Glass Dog on Moon Window Hanging Suncatcher Dog Remembrance Gift Pet Loss Gifts Pet Sympathy Gifts for Dogs",B0BQ6VQWBR,https://www.amazon.com/dp/B0BQ6VQWBR?psc=1,https://m.media-amazon.com/images/I/61NC73gLCUL._AC_SY450_.jpg,YT3 Studio,19.99,53,"1,059.47","60,378",CN,8.07,1,4.9,41,7,1,Lerca us,Pet Supplies,Large Standard-Size,FBA,7.87 x 1.26 x 6.10 in,0.31,12/15/2022
"TWOQZ Stained Glass Cat on Moon Gifts, Cat Gifts for Cat Lovers, Handcrafted Black Cat Suncatchers for Stained Glass Window Hangings, cat Lovers Gift",B0CDQZRL8F,https://www.amazon.com/dp/B0CDQZRL8F?psc=1,https://m.media-amazon.com/images/I/71gD0Xo+UxL._AC_SY450_.jpg,TWOQZ,19.99,58,"1,159.42","301,792",CN,7.38,1,4.8,16,7,0,Bremen US,Home & Kitchen,Large Standard-Size,FBA,7.68 x 1.06 x 7.68 in,0.31,8/5/2023
"Tivray Dog Suncatcher, Dog Memorial Gifts Stained Glass Christmas Dog Memorial Ornaments Dog Suncatchers for Windows Hanging Loss of Dog Sympathy Gift for Dog Lovers Christmas Tree Decoration",B0CH2XMMP7,https://www.amazon.com/dp/B0CH2XMMP7?psc=1,https://m.media-amazon.com/images/I/61wdQ21FuhL._AC_SX466_.jpg,Tivray,17.99,82,"1,475.18","44,715",CN,8.07,1,4.9,16,7,0,Showmore US,"Patio, Lawn & Garden",Large Standard-Size,FBA,7.72 x 1.06 x 7.60 in,0.04,9/1/2023
"Homelavie Cat Panel Window Hanging, Cat Suncatcher Hanging Decor, Black Cat Catching Butterfly On Moon Halloween Decorations, Indoor Window Sun Catcher Panels for Cat Lovers Memorial Gift",B0CH61FYQ9,https://www.amazon.com/dp/B0CH61FYQ9?psc=1,https://m.media-amazon.com/images/I/71rda5x6-VL._AC_SY450_.jpg,Homelavie,12.99,114,"1,480.86","61,032",CN,7.02,1,2.8,16,7,3,RoyalStone,"Patio, Lawn & Garden",Large Standard-Size,FBA,7.13 x 0.94 x 6.61 in,0.22,11/1/2023
"BSQUIELE Dog Memorial Suncatcher, Dog Memorial Gifts, Pet Loss Suncatcher, Loss of Dog Sympathy Gift, Stained Glass Light Catcher, Dog Lover Gifts, Dog Memorial Ornament, Dog Passing Away Gifts",B0CGDCVC9F,https://www.amazon.com/dp/B0CGDCVC9F?psc=1,https://m.media-amazon.com/images/I/71iBEq4BDSL._AC_SX466_.jpg,BSQUIELE,9.99,165,"1,648.35","27,42",VN,4.94,1,5,6,5,0,BSQE,Pet Supplies,Small Standard-Size,FBA,3.78 x 0.67 x 3.78 in,0.04,8/23/2023
"Dog Decor Stained Glass Moon Suncatchers Window Hanging, Wall Art Element Earth Tones Modern Design Home Garden Suncatcher, Dog Lovers for Halloween Decor (Moon Dog)",B0CCVHWFT5,https://www.amazon.com/dp/B0CCVHWFT5?psc=1,https://m.media-amazon.com/images/I/618c5qyiiaL._AC_SY355_.jpg,Toparad,19.99,96,"1,919.04","50,397",CN,7.38,1,4.8,22,6,1,Loudi123,"Patio, Lawn & Garden",Large Standard-Size,FBA,7.72 x 1.06 x 7.64 in,0.31,7/26/2023
"Dog Memorial Suncatcher, Personalized with Name, Dog Breeds Suncatcher, Custom Pet Loss Suncatcher, Gifts for Dog Lovers, Dog Memorial Ornament Loss of Pet Sympathy Gift, In Loving Memory for Loss dog",B0CBVBD7YX,https://www.amazon.com/dp/B0CBVBD7YX?psc=1,https://m.media-amazon.com/images/I/810nsXzGOcL._AC_SX679_.jpg,LOVELYPOD,19.95,519,"10,354.05","5,971",VN,6.3,1,4.3,326,7,23,LOVELY POD,Pet Supplies,Small Standard-Size,MFN,0.59 x 3.94 x 3.94 in,0.22,7/14/2023
"Stained Glass Dog Memorial Gifts for Loss of Dog,Suncatcher Pet Memorial Gifts for Dogs,Loss of Dog Sympathy Gift,Dog Bereavement Gifts,Pet Loss Gifts,in Memory of Dog Passing Away Gifts",B0C2JZSQYZ,https://www.amazon.com/dp/B0C2JZSQYZ?psc=1,https://m.media-amazon.com/images/I/61DvHHbNKRL._AC_SY450_.jpg,ZUAJITER,18.88,1,18.88,"107,205",CN,8.19,1,4.7,617,7,11,pinkrey,Pet Supplies,Large Standard-Size,FBA,6.93 x 1.46 x 6.69 in,0.35,4/15/2023
Cat Stained Glass Suncatchers Window Hanging - Cat On Moon Real Glass Cat and Moon Gift - Wall Art Modern Design Home Decor Or Garden,B0C3WRHJ4B,https://www.amazon.com/dp/B0C3WRHJ4B?psc=1,https://m.media-amazon.com/images/I/61dqSzfD4cL._AC_SX569_.jpg,SENSORY4U,22.5,100,"2,250.00","47,119",US,3.38,3,4.1,518,6,7,SplendidProducts,"Patio, Lawn & Garden",Large Standard-Size,FBA,7.99 x 1.02 x 6.14 in,0.31,4/28/2023
YULAIKUAI Cat Suncatcher-Cat Loss Sympathy Gift，Cat Memorial Gifts for Loss of Cat，Stained Glass Cat Window Hanging,B0C3YSW6JV,https://www.amazon.com/dp/B0C3YSW6JV?psc=1,https://m.media-amazon.com/images/I/614cXk9XpqL._AC_SY450_.jpg,YULAIKUAI,22.99,98,"2,253.02","85,922",CN,7.99,1,4.8,35,7,5,RainCome,"Patio, Lawn & Garden",Large Standard-Size,FBA,8.39 x 1.73 x 6.38 in,0.53,4/30/2023
"Dog Memorial Suncatcher, Personalized with Name Date Dog Breeds Suncatcher, Pet Loss Suncatcher, Stained Glass Light Catcher, Gifts for Dog Lovers, Dog Memorial Ornament Loss of Pet Sympathy Gift",B0CHP7YMXC,https://www.amazon.com/dp/B0CHP7YMXC?psc=1,https://m.media-amazon.com/images/I/81gg3FWs2ML._AC_SY450_.jpg,BOBI CARE,13.99,177,"2,476.23","61,947",VN,5.41,1,4.4,35,6,8,bobicare,Pet Supplies,Small Standard-Size,FBA,7.28 x 0.51 x 7.01 in,0.15,9/20/2023
2 Pack Orange Tabby Cat Decor Cat Memorial Gifts Cat Suncatcher for Window Hanging Cat Gifts for Cat Lovers for Women Cat Remembrance Gifts Loss of Cat Sympathy Gift Cat on Moon Decor,B0BZ6TPLP1,https://www.amazon.com/dp/B0BZ6TPLP1?psc=1,https://m.media-amazon.com/images/I/61rk-Yhaj3L._AC_SX466_.jpg,melody fantasy,14.99,195,"2,923.05","31,073",US,6.55,1,3.9,70,6,3,MElODY FANTASY,Pet Supplies,Small Standard-Size,FBA,5.83 x 0.75 x 5.12 in,0.18,3/22/2023
"BOXTOHEART Dog Memorial Suncatcher, Personalized Pet Breeds Suncatcher with Name Date, Pet Loss Suncatcher, Stained Glass Light Catcher, Dog Memorials & funerary, Gifts for Pet Loss",B0CM9K799J,https://www.amazon.com/dp/B0CM9K799J?psc=1,https://m.media-amazon.com/images/I/71ArMvbeOqL._AC_SY355_.jpg,BOXTOHEART,18.99,155,"2,943.45","45,206",CN,7.92,1,4,2,9,0,Boxtoheart,Pet Supplies,Large Standard-Size,MFN,3.80 x 3.60 x 0.80 in,0.27,11/1/2023
Huray Rayho Dog Memorial Gifts Stained Glass Window Hanging Rainbow Bridge Sun Catcher Sympathy Gift for Dog Lovers Pet Loss Present Double Side Glass Panel Decor,B0BX5YMN96,https://www.amazon.com/dp/B0BX5YMN96?psc=1,https://m.media-amazon.com/images/I/71zHttUba8L._AC_SX466_.jpg,Huray Rayho,17.99,164,"2,950.36","27,638",CN,7.08,1,4.8,105,6,2,Huray Rayho,"Patio, Lawn & Garden",Large Standard-Size,FBA,7.60 x 1.22 x 7.48 in,0.44,3/1/2023
"Dog Bereavement Gift Memorial Gift for Dog Lovers,Stained Glass Windows Hangings,Dog on Moon,Handcrafted Stained Glass Dog Suncatchers Decoration,Sympathy Gifts for Pet Loss,Pet Memorial Gifts",B0C71R4PKB,https://www.amazon.com/dp/B0C71R4PKB?psc=1,https://m.media-amazon.com/images/I/51bDZY+N4nL._AC_SX679_.jpg,FLUFFYCAPTAIN,23.99,1,23.99,"85,909",CN,7.68,1,5,11,8,0,FluffyCaptain,Pet Supplies,Large Standard-Size,FBA,7.99 x 1.34 x 6.46 in,0.4,6/6/2023
"Dog Stained Glass Butterfly on Moon Gifts, Handcrafted Suncatchers Black Dog for Stained Glass Window Hangings, Dog Gifts for Dog Lovers, Painted Glass Panel Decor Funny Dog Themed Gift",B0C8CJ1QWF,https://www.amazon.com/dp/B0C8CJ1QWF?psc=1,https://m.media-amazon.com/images/I/71rvb1sbGlL._AC_SX679_.jpg,Arttrifold,25.99,1,25.99,"540,946",CN,8.14,1,5,3,6,0,arttrifold,"Patio, Lawn & Garden",Large Standard-Size,FBA,7.52 x 1.42 x 7.44 in,0.49,6/17/2023
"Cchenxxi Angel Dog Memorial Gifts for Pet Loss Sympathy,Colored Glass Angel Rainbow Bridge Dog,SunCatcher, Bereavement Gifts for Dog Lovers,Stained Glass Window Hangings Decorations",B0C9Y14ZRY,https://www.amazon.com/dp/B0C9Y14ZRY?psc=1,https://m.media-amazon.com/images/I/71UYDjF5xjL._AC_SY450_.jpg,Cchenxxi,9.99,3,29.97,"400,783",CN,4.97,1,4.7,9,6,0,YHDIRECT,"Patio, Lawn & Garden",Large Standard-Size,FBA,7.56 x 1.34 x 7.48 in,0.53,7/2/2023
"AJHMGJGOBlack Cat Decor Stained Glass Panels Window Hanging, Butterfly Suncatcher for Window, Halloween Decor Black Funny Cat Themed Gift for Cat Lovers, Cat Memorial Gifts for Loss of Cat",B0CGH9JC7R,https://www.amazon.com/dp/B0CGH9JC7R?psc=1,https://m.media-amazon.com/images/I/71j8pOCUB7L._AC_SX466_.jpg,AJHMGJGO,14.59,20,291.8,"607,461",CN,7.26,1,5,6,7,0,HFAJHMGFF,Home & Kitchen,Large Standard-Size,FBA,7.09 x 0.91 x 6.57 in,0.26,8/24/2023
"PHIELEY White Angel Dog Passing Away Gifts for Loss of Dog Sympathy Gift, Stained Glass Pet Memorial Suncatcher with Blue Moon, Schnauzer Remembrance Memory Death Bereavement Window Hanging",B0BXDBZV18,https://www.amazon.com/dp/B0BXDBZV18?psc=1,https://m.media-amazon.com/images/I/71u9ha2seqL._AC_SX679_.jpg,PHIELEY,19.99,154,"3,078.46","70,006",CN,7.24,1,4.3,29,6,1,PHIELEY,Pet Supplies,Large Standard-Size,FBA,7.44 x 1.46 x 6.50 in,0.35,3/3/2023
"Lcensp Grey Tabby Cat Decor on Blue Moon Stained Glass Window Hangings Cat Memorial Gifts for Cat Lovers, Cat Suncatcher Pet Ornament (Grey Cat on Blue Moon)",B09KGSZ5KR,https://www.amazon.com/dp/B09KGSZ5KR?psc=1,https://m.media-amazon.com/images/I/610tzRkUFNL._AC_SY450_.jpg,Lcensp,23.99,131,"3,142.69","35,246",CN,8.35,1,4.9,328,7,5,Lcensp,Pet Supplies,Large Standard-Size,FBA,9.02 x 1.93 x 6.10 in,0.66,11/4/2021
Christmas Black Cat Decor On White Moon Stained Glass Window Hanging Suncatcher for Windows Panels Sun Catcher Halloween Ornament Decoration Memorial Gift Cat for Lover Cat Loss,B09KQ5JQRP,https://www.amazon.com/dp/B09KQ5JQRP?psc=1,https://m.media-amazon.com/images/I/51E8UmyePSL._AC_SY450_.jpg,ZUAJITER,17.99,185,"3,328.15","23,112",CN,6.78,1,4.7,617,7,25,pinkrey,"Patio, Lawn & Garden",Large Standard-Size,FBA,6.30 x 1.42 x 5.04 in,0.2,10/30/2021
"6.5'' Black Cat on Moon Stained Glass Window Hanging Suncatcher,Glass Window Panels,Wall Art Decor Loss of Cat Sympathy Gift (Purple Moon)",B0CKWSMY56,https://www.amazon.com/dp/B0CKWSMY56?psc=1,https://m.media-amazon.com/images/I/61TyBpqfJbL._AC_SX425_.jpg,HDCRYSTALGIFTS,19.99,168,"3,358.32","169,41",CN,5.31,1,4.2,25,8,1,hdcrystalgifts,Home & Kitchen,Large Standard-Size,FBA,7.64 x 1.65 x 7.52 in,0.42,n/a
"Cat Memorial Suncatcher for Windows Stained Glass,Pet Sympathy Gift to Memorialize The Loss,Unique Angel Cat Statue Suncatchers with Personalized Decorations",B0CHNYFDLM,https://www.amazon.com/dp/B0CHNYFDLM?psc=1,https://m.media-amazon.com/images/I/81v-HFNb8WL._AC_SY450_.jpg,BOBI CARE,13.99,284,"3,973.16","15,535",VN,5.41,2,4.4,35,6,10,bobicare,"Patio, Lawn & Garden",Small Standard-Size,FBA,7.13 x 0.55 x 7.09 in,0.15,9/20/2023
Cat Decor On Blue Moon Stained Glass Window Hanging Suncatcher for Windows Panels Sun Catcher Memorial Gift Cat for Lover Cat Loss,B0C6LQN55G,https://www.amazon.com/dp/B0C6LQN55G?psc=1,https://m.media-amazon.com/images/I/51w92-pWTmL._AC_SX466_.jpg,cermug,9.99,31,309.69,"99,8",CN,4.59,1,4.3,6,8,0,Cermug Direct,"Patio, Lawn & Garden",Large Standard-Size,FBA,7.36 x 0.83 x 4.92 in,0.24,n/a
"hobbyme Cat Stained Glass Butterfly on Moon Gifts, Handcrafted Suncatchers Black Cat Window Hangings, Butterfly Cat Gifts for Cat Lovers, Painted Glass Panel Decor Funny Cat Themed Gift",B0CCDLPPQD,https://www.amazon.com/dp/B0CCDLPPQD?psc=1,https://m.media-amazon.com/images/I/51cefxoGDzL._AC_SX522_.jpg,hobbyme,10.49,3,31.47,"327,413",CN,4.99,1,4,1,7,0,wufengtrade,"Patio, Lawn & Garden",Small Standard-Size,FBA,7.87 x 0.47 x 7.56 in,0.21,7/20/2023
"COMFYROOM Stained Glass Window Hanging, Dog on Moon Suncatcher for Window, Dog Memorial Gifts for Loss of Dog, Window Wall Decor for Loss of Dog Sympathy Gift, Pet Dog Remembrance Gift（Yellow）",B0C8P8TST8,https://www.amazon.com/dp/B0C8P8TST8?psc=1,https://m.media-amazon.com/images/I/71lLQvuxdIL._AC_SX569_.jpg,COMFYROOM,21.99,15,329.85,"582,738",CN,7.38,1,4.6,36,7,0,COMFYROOM,Home & Kitchen,Large Standard-Size,FBA,7.13 x 1.50 x 6.38 in,0.4,n/a
"COSOWO Dog Memorial Suncatcher and Pet Loss Suncatcher, Hanging Stained Acrylic Light Catcher, Dog Memorial Ornament Loss of Pet Sympathy Gift with Alphabet Stickers, Sunrise Pattern",B0CN8YK88P,https://www.amazon.com/dp/B0CN8YK88P?psc=1,https://m.media-amazon.com/images/I/719JQWoisxL._AC_SX466_.jpg,COSOWO,16.99,2,33.98,"97,178",CN,6.76,1,4.6,18,7,16,cosowo,Pet Supplies,Small Standard-Size,FBA,0.50 x 5.00 x 3.00 in,0.08,11/23/2023
"Taolema Stained Glass Dog Memorial Gifts for Dog Lovers, Dog on Moon Decor Window Hanging Suncatcher Dog Silhouette for Loss of Dog Sympathy Gift Pet Passing Away Remembrance (Dog)",B0CC1DZ4QH,https://www.amazon.com/dp/B0CC1DZ4QH?psc=1,https://m.media-amazon.com/images/I/71oUjaeaP-L._AC_SY450_.jpg,taolema,20.99,18,377.82,"68,345",CN,7.23,1,4.1,5,7,0,Henan Liaokui Trading Co. LTD,Pet Supplies,Large Standard-Size,FBA,7.68 x 1.06 x 7.64 in,0.31,7/17/2023
"JIABEI Stained Glass Cat on Moon Gifts,Grey Cat Decor,Cat Suncatchers Decoration for Cat Lovers, Cat Stain Glass Window Hanging Memorial Gift Cat for Lover Cat Loss,Cat Gifts for Mom(Grey)",B0CLL59PTC,https://www.amazon.com/dp/B0CLL59PTC?psc=1,https://m.media-amazon.com/images/I/61WzfyawXVL._AC_SX569_.jpg,JIABEI,21.95,187,"4,104.65","134,991",CN,7.37,1,4.4,53,7,4,Youli Store,Home & Kitchen,Large Standard-Size,FBA,7.91 x 1.34 x 5.31 in,0.33,4/12/2023
"Stained Glass Dog Memorial Gifts for Loss of Dog Suncatcher, Black Angel Dog on Blue Moon Dog Beverage Suncatcher Ornaments Decor Window Wall Sympathy Gift for Dog Lover",B0C85BXJMR,https://www.amazon.com/dp/B0C85BXJMR?psc=1,https://m.media-amazon.com/images/I/61wtfcrld0L._AC_SX679_.jpg,VERLIAN,17.98,267,"4,800.66","31,784",CN,8.07,1,4.4,59,7,6,VERLIAN,Pet Supplies,Large Standard-Size,FBA,7.64 x 1.10 x 7.40 in,0.44,6/15/2023
"Stained Glass Dog Memorial Gifts for Loss of Dog Suncatcher, White Angel Dog on Blue Moon Dog Beverage Suncatcher Ornaments Decor Window Wall Sympathy Gift for Dog Lover",B0C85BKHHC,https://www.amazon.com/dp/B0C85BKHHC?psc=1,https://m.media-amazon.com/images/I/61GDwWI5iYL._AC_SY450_.jpg,VERLIAN,17.98,267,"4,800.66","31,784",CN,7.08,1,4.4,59,7,6,VERLIAN,Pet Supplies,Large Standard-Size,FBA,7.72 x 1.14 x 7.36 in,0.42,6/15/2023
"Sobotoo Dog Memorial Gifts for Loss of Dog, Loss of Dog Sympathy Gift, Dog Memorial Gifts for Dog Lovers, Pet Sympathy Gifts for Dogs, Pet Memorial Gifts, Suncatcher Stained Glass Window Hanging",B0BQ6ZBG6K,https://www.amazon.com/dp/B0BQ6ZBG6K?psc=1,https://m.media-amazon.com/images/I/61TedlivbKL._AC_SX569_.jpg,Sobotoo,20.99,2,41.98,"59,011",CN,7.53,1,4.7,71,7,0,TUOYUU,Pet Supplies,Large Standard-Size,FBA,7.83 x 1.02 x 6.14 in,0.31,12/15/2022
"Suncatcher for Window, Stained Glass Window Hanging Cat on Moon Suncatchers for Windows Double-Side Multicolor Suncatcher Window Panel Cat Window Hanging Suncatcher Personality Ornament Decoration (B)",B0BS931GYD,https://www.amazon.com/dp/B0BS931GYD?psc=1,https://m.media-amazon.com/images/I/41sB2oA6TvL._AC_SY450_.jpg,Voyakolo,16.99,31,526.69,"54,033",CN,4.38,1,4.4,47,7,0,Voyakolo,"Patio, Lawn & Garden",Large Standard-Size,FBA,7.40 x 1.10 x 4.76 in,0.26,2/10/2023
Zedesey Stained Glass Window Hanging White Angel Dog on Rainbow Moon Dog Memorial Gifts Dog Suncatcher Dog Sympathy Gift Dog Bereavement Gifts Pet Loss Gifts,B0CCRH77ZW,https://www.amazon.com/dp/B0CCRH77ZW?psc=1,https://m.media-amazon.com/images/I/61sYVGZavwL._AC_SX466_.jpg,Zedesey,19.99,28,559.72,"81,164",CN,7.38,1,4.8,79,7,0,Zedesey store,Pet Supplies,Large Standard-Size,FBA,7.01 x 1.46 x 6.73 in,0.34,7/25/2023
"Dog Memorial Gifts for Loss of Dog,Brown Dog On The Moon On Suncatcher Gifts,Brown Dog On The Moon Dog Memorial Gifts for Pet Loss Gifts,Pet Sympathy Gifts for Dog Lovers",B0CFZVNGV7,https://www.amazon.com/dp/B0CFZVNGV7?psc=1,https://m.media-amazon.com/images/I/71+BizHznxL._AC_SY450_.jpg,ROOHOME,9.99,7,69.93,"61,288",CN,3.95,1,4.1,5,9,0,ROOHOME US,Pet Supplies,Small Standard-Size,FBA,3.70 x 0.59 x 2.83 in,0.04,8/1/2023
"LOVELYPOD DIY Custom Dog Ornament Suncatcher Memorial Gifts for Dog Lovers, A Black Dog with Wings on Window Hangings Suncatcher, Loss of Dog Sympathy Gift, Remembrance Gifts in Memory Dog (4 Inches)",B0CDXXXCV3,https://www.amazon.com/dp/B0CDXXXCV3?psc=1,https://m.media-amazon.com/images/I/81ghrYipADL._AC_SY450_.jpg,LOVELYPOD,13.95,519,"7,240.05","5,971",VN,5.95,2,4.3,326,7,23,LOVELY POD,Pet Supplies,Large Standard-Size,FBA,4.88 x 0.87 x 4.84 in,0.11,8/7/2023
"HAOSUM Tabby Cat Stained Glass Window Hanging,Grey Cat on Moon Decor Gift for Cat Lover,Family,Girlfriend Her and Friends",B0CP5W7YND,https://www.amazon.com/dp/B0CP5W7YND?psc=1,https://m.media-amazon.com/images/I/61JzDlCCvJL._AC_SX569_.jpg,Generic,39.99,18,719.82,"962,022",CN,10.24,1,5,1,6,0,Haosum DECOR,Home & Kitchen,Large Standard-Size,FBA,8.43 x 1.26 x 6.81 in,0.55,11/29/2023
Zedesey Cat Decor Stained Glass Moon Decor Window Hanging Ornament Garden Suncatcher Gifts for Cat Lover for Women Memorial Gifts Cat Gift (Orange Cat on Blue Moon),B09V37XSJV,https://www.amazon.com/dp/B09V37XSJV?psc=1,https://m.media-amazon.com/images/I/51a1SiiFFUL._AC_SX466_.jpg,Zedesey,19.99,39,779.61,"101,12",CN,7.38,2,4.8,79,8,0,Zedesey store,"Patio, Lawn & Garden",Large Standard-Size,FBA,6.34 x 1.46 x 5.08 in,0.2,3/8/2022
"Orange Cat On Moon Stained Glass Window Hangings,Tabby Cat Decoration Suncatcher Cat Memorial Gift for Cat Lovers,Mom,Loss of Cat Sympathy Gifts,Pet Memorial Gift for Women",B0CR16TR9D,https://www.amazon.com/dp/B0CR16TR9D?psc=1,https://m.media-amazon.com/images/I/417wnVsUvOL._AC_SX466_.jpg,HAOSUM,19.99,4,79.96,"160,121",n/a,7.08,1,n/a,0,5,0,HAOSUM Art,"Patio, Lawn & Garden",Large Standard-Size,FBA,0.98 x 6.40 x 6.40 in,0.39,12/27/2023
"BOXCASA Orange Sleeping Cat Decor,Cat on Moon Stained Glass Window Hanging,Handcrafted Suncatchers for Window,Orange Cat on Moon Decor Cat Gifts for Cat Lovers,Funny Cat Lovers Gifts for Women",B0BNHZ6T3X,https://www.amazon.com/dp/B0BNHZ6T3X?psc=1,https://m.media-amazon.com/images/I/61AZBotampL._AC_SY355_.jpg,BOXCASA,23,379,"8,717.00","52,847",CN,7.53,1,4.8,567,8,8,BOXCASA,Home & Kitchen,Large Standard-Size,FBA,7.95 x 1.06 x 4.09 in,0.29,n/a
"Fhiny Acrylic Hanging Suncatcher, Dog Memorial Gifts for Dog Lovers White Puppy on Moon Window Hanging Suncatcher Decor Loss of Dog Sympathy Themed Gifts with Metal Chain (White)",B0BPHJ27BC,https://www.amazon.com/dp/B0BPHJ27BC?psc=1,https://m.media-amazon.com/images/I/71D3u8Kj8EL._AC_SX466_.jpg,Fhiny,9.98,9,89.82,"127,392",CN,4.97,1,4.7,7,7,0,KFDXS,"Patio, Lawn & Garden",Large Standard-Size,FBA,7.91 x 1.65 x 5.71 in,0.13,1/29/2023
Dog Memorial Rainbow Bridge Hanging Gift Acrylic Dog Sympathy Loss Bereavement Rememberance Gifts wth Hollow-Out Heart for Window Wall Tree Suncatcher Decor (Rainbow Dog),B0C3ZT66MC,https://www.amazon.com/dp/B0C3ZT66MC?psc=1,https://m.media-amazon.com/images/I/61zWrpHREHL._AC_SY450_.jpg,VERLIAN,9.99,1,9.99,"148,634",CN,4.94,1,4.2,30,9,1,VERLIAN,Pet Supplies,Small Standard-Size,FBA,6.30 x 0.67 x 6.30 in,0.2,5/1/2023
"Dog Memorial Gifts for Loss of Dog, Stained Glass Round Rainbow Bridge Dog Sympathy Gift, Handcrafted Dog Window Hangings,Garden Suncatchers, Pet Loss Gifts For Christmas, Thanksgiving, Mothers Day",B0CKKVT5HM,https://www.amazon.com/dp/B0CKKVT5HM?psc=1,https://m.media-amazon.com/images/I/711woD65kbL._AC_SY606_.jpg,ALLYUU,18.99,42,797.58,"65,439",CN,7.17,1,4.7,3,8,0,AuYuBusiness,Pet Supplies,Large Standard-Size,FBA,7.99 x 1.50 x 7.99 in,0.66,11/16/2023
"Fhiny Acrylic Hanging Suncatcher, Dog Memorial Gifts for Dog Lovers White Puppy on Moon Window Hanging Suncatcher Decor Loss of Dog Sympathy Themed Gifts with Metal Chain (White)",B0BPHJ27BC,https://www.amazon.com/dp/B0BPHJ27BC?psc=1,https://m.media-amazon.com/images/I/71D3u8Kj8EL._AC_SX466_.jpg,Fhiny,9.98,9,89.82,"127,392",CN,4.97,1,4.7,7,7,0,KFDXS,"Patio, Lawn & Garden",Large Standard-Size,FBA,7.91 x 1.65 x 5.71 in,0.13,1/29/2023
Dog Memorial Rainbow Bridge Hanging Gift Acrylic Dog Sympathy Loss Bereavement Rememberance Gifts wth Hollow-Out Heart for Window Wall Tree Suncatcher Decor (Rainbow Dog),B0C3ZT66MC,https://www.amazon.com/dp/B0C3ZT66MC?psc=1,https://m.media-amazon.com/images/I/61zWrpHREHL._AC_SY450_.jpg,VERLIAN,9.99,1,9.99,"148,634",CN,4.94,1,4.2,30,9,1,VERLIAN,Pet Supplies,Small Standard-Size,FBA,6.30 x 0.67 x 6.30 in,0.2,5/1/2023
"Cat Stained Glass Butterfly on Moon Gifts, Handcrafted Suncatchers Black Cat for Stained Glass Window Hangings, Butterfly Cat Gifts for Cat Lovers, Painted Glass Panel Decor Funny Cat Themed Gift",B0BXJ31F1R,https://www.amazon.com/dp/B0BXJ31F1R?psc=1,https://m.media-amazon.com/images/I/711fh9iANzL._AC_SY355_.jpg,pwvsayjcj,25.99,31,805.69,"470,45",CN,8.14,1,4.8,28,6,0,arttrifold,Home & Kitchen,Large Standard-Size,FBA,7.52 x 1.30 x 7.48 in,0.42,3/5/2023
"Fhiny Acrylic Hanging Suncatcher, Dog Memorial Gifts for Dog Lovers White Puppy on Moon Window Hanging Suncatcher Decor Loss of Dog Sympathy Themed Gifts with Metal Chain (White)",B0BPHJ27BC,https://www.amazon.com/dp/B0BPHJ27BC?psc=1,https://m.media-amazon.com/images/I/71D3u8Kj8EL._AC_SX466_.jpg,Fhiny,9.98,9,89.82,"127,392",CN,4.97,1,4.7,7,7,0,KFDXS,"Patio, Lawn & Garden",Large Standard-Size,FBA,7.91 x 1.65 x 5.71 in,0.13,1/29/2023
Dog Memorial Rainbow Bridge Hanging Gift Acrylic Dog Sympathy Loss Bereavement Rememberance Gifts wth Hollow-Out Heart for Window Wall Tree Suncatcher Decor (Rainbow Dog),B0C3ZT66MC,https://www.amazon.com/dp/B0C3ZT66MC?psc=1,https://m.media-amazon.com/images/I/61zWrpHREHL._AC_SY450_.jpg,VERLIAN,9.99,1,9.99,"148,634",CN,4.94,1,4.2,30,9,1,VERLIAN,Pet Supplies,Small Standard-Size,FBA,6.30 x 0.67 x 6.30 in,0.2,5/1/2023
"Dog Bereavement Gift Memorial Gift for Dog Lovers,Stained Glass Windows Hangings,Dog on Moon,Handcrafted Stained Glass Dog Suncatchers Decoration,Sympathy Gifts for Pet Loss,Pet Memorial Gifts",B0C71R4PKB,https://www.amazon.com/dp/B0C71R4PKB?psc=1,https://m.media-amazon.com/images/I/51bDZY+N4nL._AC_SX679_.jpg,FLUFFYCAPTAIN,23.99,1,23.99,"85,909",CN,7.68,1,5,11,8,0,FluffyCaptain,Pet Supplies,Large Standard-Size,FBA,7.99 x 1.34 x 6.46 in,0.4,6/6/2023
"Lcensp Grey Tabby Cat Decor on Blue Moon Stained Glass Window Hangings Cat Memorial Gifts for Cat Lovers, Cat Suncatcher Pet Ornament (Grey Cat on Blue Moon)",B09KGSZ5KR,https://www.amazon.com/dp/B09KGSZ5KR?psc=1,https://m.media-amazon.com/images/I/610tzRkUFNL._AC_SY450_.jpg,Lcensp,23.99,131,"3,142.69","35,246",CN,8.35,1,4.9,328,7,5,Lcensp,Pet Supplies,Large Standard-Size,FBA,9.02 x 1.93 x 6.10 in,0.66,11/4/2021
Rosleanny Paw Print Sun Catcher Crystals Prisms Hanging Garden Decor Pet Memorial Gifts Dog Remembrance Gift Loss Sympathy Rainbow Maker Suncatcher for Window Friend Birthday,B08XQ4GKBX,https://www.amazon.com/dp/B08XQ4GKBX?psc=1,https://m.media-amazon.com/images/I/61QzpvkqzeL._AC_SY450_.jpg,Rosleanny,24.99,434,"10,845.66","10,166",CN,8.28,1,4.7,352,5,9,Eternity Crystal,"Patio, Lawn & Garden",Large Standard-Size,FBA,9.13 x 2.32 x 4.37 in,0.68,3/1/2021
Mushroom Suncatchers Stained Glass Suncatcher - Originally Designed 7.8'' Suncatchers for Sun Catchers Indoor Window | Gifts for Mushroom Lovers Painted Glass Panel Decor Themed Gift,B0CCHT13YW,https://www.amazon.com/dp/B0CCHT13YW?psc=1,https://m.media-amazon.com/images/I/81Lr1CVncwL._AC_SX466_.jpg,Galag,24.99,7,174.93,"83,61",CN,9.49,1,4.8,12,6,0,Galag,"Patio, Lawn & Garden",Large Standard-Size,FBA,10.16 x 1.18 x 10.00 in,0.75,7/21/2023
7.8'' Orange Cat Kitten Sun Catcher Stained Glass for Stained Glass Window Hanging Thoughtful Gift for Cat Lovers,B0CCJZ74K9,https://www.amazon.com/dp/B0CCJZ74K9?psc=1,https://m.media-amazon.com/images/I/81F4CA4di5L._AC_SX569_.jpg,FURZO,24.99,11,274.89,"438,814",CN,8.5,1,5,6,6,0,Furzo,Home & Kitchen,Large Standard-Size,FBA,10.59 x 1.22 x 10.08 in,0.73,7/22/2023
"Dog Stained Glass Butterfly on Moon Gifts, Handcrafted Suncatchers Black Dog for Stained Glass Window Hangings, Dog Gifts for Dog Lovers, Painted Glass Panel Decor Funny Dog Themed Gift",B0C8CJ1QWF,https://www.amazon.com/dp/B0C8CJ1QWF?psc=1,https://m.media-amazon.com/images/I/71rvb1sbGlL._AC_SX679_.jpg,Arttrifold,25.99,1,25.99,"540,946",CN,8.14,1,5,3,6,0,arttrifold,"Patio, Lawn & Garden",Large Standard-Size,FBA,7.52 x 1.42 x 7.44 in,0.49,6/17/2023
"Cat Stained Glass Butterfly on Moon Gifts, Handcrafted Suncatchers Black Cat for Stained Glass Window Hangings, Butterfly Cat Gifts for Cat Lovers, Painted Glass Panel Decor Funny Cat Themed Gift",B0BXJ31F1R,https://www.amazon.com/dp/B0BXJ31F1R?psc=1,https://m.media-amazon.com/images/I/711fh9iANzL._AC_SY355_.jpg,pwvsayjcj,25.99,31,805.69,"470,45",CN,8.14,1,4.8,28,6,0,arttrifold,Home & Kitchen,Large Standard-Size,FBA,7.52 x 1.30 x 7.48 in,0.42,3/5/2023
"EPOGIFTS Orange Cat Stained Glass Suncatcher for Window,Funny Cute Cat Decor Stained Glass Window Hanging,Cat Gifts for Cat Lovers,Cat Themed Gifts for Women Friends Girl Kids",B0CCJ551K2,https://www.amazon.com/dp/B0CCJ551K2?psc=1,https://m.media-amazon.com/images/I/51vG955fC4L._AC_SX466_.jpg,EPOGIFTS,26.99,18,485.82,"101,631",CN,7.91,1,4.7,35,6,2,EPOGIFTS,"Patio, Lawn & Garden",Large Standard-Size,FBA,4.84 x 1.06 x 4.80 in,0.2,n/a
"BOXCASA Cat Stained Glass Suncatcher for Window,Rainbow Cat Stretching Rainbow Bridge Cat Gifts for Cat Lovers,Colorful Stained Glass Window Hanging Cat Themed Gifts for Women",B0CCKF14WX,https://www.amazon.com/dp/B0CCKF14WX?psc=1,https://m.media-amazon.com/images/I/51iBtsDmhwL._AC_SX466_.jpg,BOXCASA,28,27,756,"712,565",CN,8.27,1,4.8,7,7,0,BOXCASA,Home & Kitchen,Large Standard-Size,FBA,0.86 x 5.90 x 5.90 in,0.3,7/22/2023
"HAOSUM Stained Glass Birds Window Hangings, Stained Glass Hummingbird Decorations,Bird Suncatcher for Window Decor Hummingbird Gifts for Mom,Bird Lovers",B095RC1B7P,https://www.amazon.com/dp/B095RC1B7P?psc=1,https://m.media-amazon.com/images/I/61SYbZfMzsL._AC_SY450_.jpg,HAOSUM,29.99,63,"1,889.37","56,92",CN,8.36,1,4.7,427,9,3,Haosum DECOR,"Patio, Lawn & Garden",Large Standard-Size,FBA,5.63 x 0.94 x 5.55 in,0.24,n/a
"HAOSUM Northern Cardinal Memorial Gifts Stained Glass Window Hangings,Handmade Cardinal Suncatcher Red Bird Ornaments for Kitchen Window,Cardinal Gifts for Grandma,Housewarming Gifts (Male)",B09RZTBXS1,https://www.amazon.com/dp/B09RZTBXS1?psc=1,https://m.media-amazon.com/images/I/51vF6Em3k-L._AC_SX466_.jpg,HAOSUM,32.99,59,"1,946.41","182,113",CN,9.02,1,4.8,490,7,7,Haosum DECOR,Home & Kitchen,Large Standard-Size,FBA,6.65 x 1.06 x 6.54 in,0.24,n/a
"Bieye W10049 Hummingbird Tiffany Style Stained Glass Window Hangings Suncatcher with Chain and Suction Cup Hook (7"" W x 8"" H)",B07YC9SBHR,https://www.amazon.com/dp/B07YC9SBHR?psc=1,https://m.media-amazon.com/images/I/61zsRjCxb6L._AC_SY355_.jpg,Bieye,32.99,2,65.98,"265,506",US,9.69,3,4.6,140,7,0,BIEYE,"Patio, Lawn & Garden",Large Standard-Size,MFN,9.33 x 1.54 x 8.62 in,0.49,n/a
"HAOSUM Tabby Cat Stained Glass Window Hanging,Grey Cat on Moon Decor Gift for Cat Lover,Family,Girlfriend Her and Friends",B0CP5W7YND,https://www.amazon.com/dp/B0CP5W7YND?psc=1,https://m.media-amazon.com/images/I/61JzDlCCvJL._AC_SX569_.jpg,Generic,39.99,18,719.82,"962,022",CN,10.24,1,5,1,6,0,Haosum DECOR,Home & Kitchen,Large Standard-Size,FBA,8.43 x 1.26 x 6.81 in,0.55,11/29/2023
